{"9c716m": 0.019387053, "e594ur8": 0.533416, "e594xde": 0.13910948, "e594y7f": 0.47432414, "e594yh7": 0.5920399, "e5951iv": 0.06454341, "e5955h5": 0.6519473, "e595669": 0.5644301, "e595bf1": 0.28973493, "e596s8g": 0.07875225, "e598thd": 0.46589994, "e5amisq": 0.0, "e5amqqg": 0.859124, "e5amzrl": 0.18143204, "e5as1ya": 0.7388681, "9c8amk": 0.09683177, "e58slx0": 0.92703164, "e58yrci": 0.18180339, "e58zijd": 0.11031325, "e58zm42": 0.13600498, "e58zojs": 0.11924781, "e58zrtb": 0.6519473, "e5905kh": 0.088878095, "e592amp": 0.0, "e592b8v": 0.6079781, "e59by9q": 0.06727051, "e5awmll": 0.1452886, "e5azb06": 0.1453927}